﻿{"cameraMode":{"drawMode":0,"name":"Shaded","section":"Shading Mode"},"sceneLighting":true,"audioPlay":false,"sceneViewState":{"showFog":true,"showMaterialUpdate":false,"showSkybox":true,"showFlares":true,"showImageEffects":true,"showParticleSystems":true},"in2DMode":false,"pivot":{"x":153.31277465820313,"y":20.57579803466797,"z":-1.790391445159912},"rotation":{"x":0.1252342313528061,"y":0.08528785407543183,"z":-0.010808744467794896,"w":0.9883954524993897},"size":45.869606018066409,"orthographic":false}