﻿{"cameraMode":{"drawMode":0,"name":"Shaded","section":"Shading Mode"},"sceneLighting":false,"audioPlay":false,"sceneViewState":{"showFog":true,"showMaterialUpdate":false,"showSkybox":true,"showFlares":true,"showImageEffects":true,"showParticleSystems":true},"in2DMode":false,"pivot":{"x":16.25303840637207,"y":-5.560205459594727,"z":70.10385131835938},"rotation":{"x":0.1340581327676773,"y":0.14336732029914857,"z":-0.019604315981268884,"w":0.980351984500885},"size":210.25108337402345,"orthographic":false}