﻿{"cameraMode":{"drawMode":0,"name":"Shaded","section":"Shading Mode"},"sceneLighting":true,"audioPlay":false,"sceneViewState":{"showFog":true,"showMaterialUpdate":false,"showSkybox":true,"showFlares":true,"showImageEffects":true,"showParticleSystems":true},"in2DMode":false,"pivot":{"x":372.270751953125,"y":-112.16339111328125,"z":281.21588134765627},"rotation":{"x":0.18664944171905518,"y":0.23667235672473908,"z":-0.046386729925870898,"w":0.9523636698722839},"size":352.046142578125,"orthographic":false}