﻿{"cameraMode":{"drawMode":0,"name":"Shaded","section":"Shading Mode"},"sceneLighting":false,"audioPlay":false,"sceneViewState":{"showFog":true,"showMaterialUpdate":false,"showSkybox":true,"showFlares":true,"showImageEffects":true,"showParticleSystems":true},"in2DMode":false,"pivot":{"x":39.43339538574219,"y":-24.026458740234376,"z":67.97311401367188},"rotation":{"x":0.38986536860466006,"y":0.00774177722632885,"z":-0.003277555340901017,"w":0.9208335280418396},"size":300.4062194824219,"orthographic":false}